Mean_rate	Mean_q2.5%	Mean_q97.5%
r_g1_n1	0.052	0	0.23
r_g1_n2	0.052	0	0.23
r_g1_n3	0.052	0	0.23
r_g1_n4	0.052	0	0.24
r_g1_n5	0.052	0	0.24
r_g1_n6	0.052	0	0.23
r_g1_n7	0.052	0	0.23
r_g1_n8	0.052	0	0.24
r_g1_n9	0.052	0	0.24
r_g1_n10	0.052	0	0.23
r_g1_n11	0.052	0	0.24
r_g1_n12	0.052	0	0.23
r_g1_n13	0.052	0	0.24
r_g1_n14	0.052	0	0.24
r_g1_n15	0.052	0	0.23
r_g1_n16	0.052	0	0.23
r_g1_n17	0.052	0	0.23
r_g1_n18	0.052	0	0.23
r_g1_n19	0.052	0	0.24
r_g1_n20	0.052	0	0.23
r_g1_n21	0.052	0	0.23
r_g1_n22	0.052	0	0.23
r_g1_n23	0.052	0	0.23
r_g1_n24	0.052	0	0.23
r_g1_n25	0.052	0	0.23
r_g1_n26	0.052	0	0.23
r_g1_n27	0.052	0	0.23
r_g1_n28	0.052	0	0.23
r_g1_n29	0.052	0	0.23
r_g1_n30	0.052	0	0.24
r_g1_n31	0.052	0	0.24
r_g1_n32	0.052	0	0.23
r_g1_n33	0.052	0	0.24
r_g1_n34	0.052	0	0.23
r_g1_n35	0.052	0	0.23
r_g1_n36	0.052	0	0.23
r_g1_n37	0.052	0	0.23
r_g1_n38	0.052	0	0.23
r_g1_n39	0.052	0	0.23
r_g1_n40	0.052	0	0.24
r_g1_n41	0.052	0	0.23
r_g1_n42	0.052	0	0.24
r_g1_n43	0.052	0	0.23
r_g1_n44	0.052	0	0.23
r_g1_n45	0.052	0	0.23
r_g1_n46	0.052	0	0.23
r_g1_n47	0.052	0	0.23
r_g1_n48	0.052	0	0.23
r_g1_n49	0.052	0	0.24
r_g1_n50	0.052	0	0.23
r_g1_n51	0.052	0	0.23
r_g1_n52	0.052	0	0.23
r_g1_n53	0.052	0	0.23
r_g1_n54	0.052	0	0.23
r_g1_n55	0.052	0	0.23
r_g1_n56	0.052	0	0.24
r_g1_n57	0.052	0	0.24
r_g1_n58	0.052	0	0.23
r_g1_n59	0.052	0	0.23
r_g1_n60	0.052	0	0.24
r_g1_n61	0.052	0	0.23
r_g1_n62	0.052	0	0.24
r_g1_n63	0.052	0	0.23
r_g1_n64	0.052	0	0.23
r_g1_n65	0.052	0	0.23
r_g1_n66	0.052	0	0.23
r_g1_n67	0.052	0	0.23
r_g1_n68	0.052	0	0.23
r_g1_n69	0.052	0	0.24
r_g1_n70	0.052	0	0.23
r_g1_n71	0.052	0	0.24
r_g1_n72	0.052	0	0.23
r_g1_n74	0.052	0	0.23
r_g1_n75	0.052	0	0.24
r_g1_n76	0.052	0	0.24
r_g1_n77	0.052	0	0.23
r_g1_n78	0.052	0	0.23
r_g1_n79	0.052	0	0.23
r_g1_n80	0.052	0	0.23
r_g1_n81	0.052	0	0.23
r_g1_n82	0.052	0	0.24
r_g1_n83	0.052	0	0.23
r_g1_n84	0.052	0	0.24
r_g1_n85	0.052	0	0.24
r_g1_n86	0.052	0	0.23
r_g1_n87	0.052	0	0.23
r_g1_n88	0.052	0	0.23
r_g1_n89	0.052	0	0.23
r_g1_n90	0.052	0	0.23
r_g1_n91	0.052	0	0.23
r_g1_n92	0.052	0	0.23
r_g1_n93	0.052	0	0.23
r_g1_n94	0.052	0	0.23
r_g1_n95	0.052	0	0.23
r_g1_n96	0.052	0	0.23
r_g1_n97	0.052	0	0.23
r_g1_n98	0.052	0	0.23
r_g1_n99	0.052	0	0.23
r_g1_n100	0.052	0	0.23
r_g1_n101	0.052	0	0.23
r_g1_n102	0.052	0	0.23
r_g1_n103	0.052	0	0.23
r_g1_n104	0.052	0	0.23
r_g1_n105	0.052	0	0.23
r_g1_n106	0.052	0	0.23
r_g1_n107	0.052	0	0.24
r_g1_n108	0.052	0	0.23
r_g1_n109	0.052	0	0.23
r_g1_n110	0.052	0	0.23
r_g1_n111	0.052	0	0.23
r_g1_n112	0.052	0	0.23
r_g1_n113	0.052	0	0.24
r_g1_n114	0.052	0	0.24
r_g1_n115	0.052	0	0.23
r_g1_n116	0.052	0	0.23
r_g1_n117	0.052	0	0.23
r_g1_n118	0.052	0	0.24
r_g1_n119	0.052	0	0.23
r_g1_n120	0.052	0	0.24
r_g1_n121	0.052	0	0.23
r_g1_n122	0.052	0	0.23
r_g1_n123	0.052	0	0.24
r_g1_n124	0.052	0	0.23
r_g1_n125	0.052	0	0.23
r_g1_n126	0.052	0	0.23
r_g1_n127	0.052	0	0.23
r_g1_n128	0.052	0	0.23
r_g1_n129	0.052	0	0.23
r_g1_n130	0.052	0	0.23
r_g1_n131	0.052	0	0.23
r_g1_n132	0.052	0	0.23
r_g1_n133	0.052	0	0.23
r_g1_n134	0.052	0	0.23
r_g1_n135	0.052	0	0.23
r_g1_n136	0.052	0	0.24
r_g1_n137	0.052	0	0.23
r_g1_n138	0.052	0	0.23
r_g1_n139	0.052	0	0.24
r_g1_n140	0.052	0	0.23
r_g1_n141	0.052	0	0.24
r_g1_n142	0.052	0	0.23
r_g1_n143	0.052	0	0.24
r_g2_n1	0.05	0	0.23
r_g2_n2	0.05	0	0.23
r_g2_n3	0.05	0	0.23
r_g2_n4	0.05	0	0.22
r_g2_n5	0.05	0	0.23
r_g2_n6	0.05	0	0.22
r_g2_n7	0.05	0	0.23
r_g2_n8	0.05	0	0.23
r_g2_n9	0.05	0	0.23
r_g2_n10	0.05	0	0.22
r_g2_n11	0.05	0	0.23
r_g2_n12	0.05	0	0.23
r_g2_n13	0.05	0	0.22
r_g2_n14	0.05	0	0.23
r_g2_n15	0.05	0	0.23
r_g2_n16	0.05	0	0.23
r_g2_n17	0.05	0	0.23
r_g2_n18	0.05	0	0.22
r_g2_n19	0.05	0	0.22
r_g2_n20	0.05	0	0.22
r_g2_n21	0.05	0	0.23
r_g2_n22	0.05	0	0.23
r_g2_n23	0.05	0	0.22
r_g2_n24	0.05	0	0.23
r_g2_n25	0.05	0	0.23
r_g2_n26	0.05	0	0.23
r_g2_n27	0.05	0	0.23
r_g2_n28	0.05	0	0.23
r_g2_n29	0.05	0	0.22
r_g2_n30	0.05	0	0.22
r_g2_n31	0.05	0	0.22
r_g2_n32	0.05	0	0.23
r_g2_n33	0.05	0	0.23
r_g2_n34	0.05	0	0.23
r_g2_n35	0.05	0	0.23
r_g2_n36	0.05	0	0.23
r_g2_n37	0.05	0	0.23
r_g2_n38	0.05	0	0.23
r_g2_n39	0.05	0	0.22
r_g2_n40	0.05	0	0.23
r_g2_n41	0.05	0	0.22
r_g2_n42	0.05	0	0.23
r_g2_n43	0.05	0	0.22
r_g2_n44	0.05	0	0.23
r_g2_n45	0.05	0	0.23
r_g2_n46	0.05	0	0.23
r_g2_n47	0.05	0	0.23
r_g2_n48	0.05	0	0.23
r_g2_n49	0.05	0	0.22
r_g2_n50	0.05	0	0.23
r_g2_n51	0.05	0	0.23
r_g2_n52	0.05	0	0.23
r_g2_n53	0.05	0	0.23
r_g2_n54	0.05	0	0.23
r_g2_n55	0.05	0	0.23
r_g2_n56	0.05	0	0.23
r_g2_n57	0.05	0	0.22
r_g2_n58	0.05	0	0.23
r_g2_n59	0.05	0	0.22
r_g2_n60	0.05	0	0.23
r_g2_n61	0.05	0	0.23
r_g2_n62	0.05	0	0.23
r_g2_n63	0.05	0	0.23
r_g2_n64	0.05	0	0.22
r_g2_n65	0.05	0	0.23
r_g2_n66	0.05	0	0.23
r_g2_n67	0.05	0	0.22
r_g2_n68	0.05	0	0.23
r_g2_n69	0.05	0	0.22
r_g2_n70	0.05	0	0.23
r_g2_n71	0.049	0	0.23
r_g2_n72	0.05	0	0.23
r_g2_n74	0.05	0	0.23
r_g2_n75	0.05	0	0.23
r_g2_n76	0.05	0	0.22
r_g2_n77	0.05	0	0.23
r_g2_n78	0.05	0	0.22
r_g2_n79	0.05	0	0.23
r_g2_n80	0.05	0	0.23
r_g2_n81	0.05	0	0.23
r_g2_n82	0.05	0	0.23
r_g2_n83	0.05	0	0.23
r_g2_n84	0.05	0	0.22
r_g2_n85	0.05	0	0.23
r_g2_n86	0.05	0	0.23
r_g2_n87	0.05	0	0.23
r_g2_n88	0.05	0	0.22
r_g2_n89	0.05	0	0.23
r_g2_n90	0.05	0	0.22
r_g2_n91	0.05	0	0.23
r_g2_n92	0.05	0	0.23
r_g2_n93	0.05	0	0.22
r_g2_n94	0.05	0	0.23
r_g2_n95	0.05	0	0.23
r_g2_n96	0.05	0	0.22
r_g2_n97	0.05	0	0.22
r_g2_n98	0.05	0	0.23
r_g2_n99	0.05	0	0.22
r_g2_n100	0.05	0	0.23
r_g2_n101	0.05	0	0.23
r_g2_n102	0.05	0	0.23
r_g2_n103	0.05	0	0.23
r_g2_n104	0.05	0	0.23
r_g2_n105	0.05	0	0.22
r_g2_n106	0.05	0	0.23
r_g2_n107	0.05	0	0.23
r_g2_n108	0.05	0	0.22
r_g2_n109	0.05	0	0.22
r_g2_n110	0.05	0	0.22
r_g2_n111	0.05	0	0.22
r_g2_n112	0.05	0	0.23
r_g2_n113	0.05	0	0.23
r_g2_n114	0.05	0	0.23
r_g2_n115	0.05	0	0.23
r_g2_n116	0.05	0	0.23
r_g2_n117	0.05	0	0.23
r_g2_n118	0.05	0	0.23
r_g2_n119	0.05	0	0.23
r_g2_n120	0.05	0	0.23
r_g2_n121	0.05	0	0.23
r_g2_n122	0.05	0	0.23
r_g2_n123	0.05	0	0.23
r_g2_n124	0.05	0	0.23
r_g2_n125	0.05	0	0.23
r_g2_n126	0.05	0	0.23
r_g2_n127	0.05	0	0.23
r_g2_n128	0.05	0	0.23
r_g2_n129	0.05	0	0.23
r_g2_n130	0.05	0	0.23
r_g2_n131	0.05	0	0.23
r_g2_n132	0.05	0	0.23
r_g2_n133	0.05	0	0.23
r_g2_n134	0.05	0	0.23
r_g2_n135	0.05	0	0.23
r_g2_n136	0.05	0	0.23
r_g2_n137	0.05	0	0.22
r_g2_n138	0.05	0	0.23
r_g2_n139	0.05	0	0.23
r_g2_n140	0.05	0	0.23
r_g2_n141	0.05	0	0.23
r_g2_n142	0.05	0	0.23
r_g2_n143	0.05	0	0.23
r_g3_n1	0.051	0	0.22
r_g3_n2	0.051	0	0.22
r_g3_n3	0.051	0	0.22
r_g3_n4	0.051	0	0.22
r_g3_n5	0.051	0	0.22
r_g3_n6	0.051	0	0.23
r_g3_n7	0.051	0	0.22
r_g3_n8	0.051	0	0.22
r_g3_n9	0.051	0	0.22
r_g3_n10	0.051	0	0.22
r_g3_n11	0.051	0	0.22
r_g3_n12	0.051	0	0.23
r_g3_n13	0.051	0	0.22
r_g3_n14	0.051	0	0.22
r_g3_n15	0.051	0	0.22
r_g3_n16	0.051	0	0.22
r_g3_n17	0.051	0	0.22
r_g3_n18	0.051	0	0.22
r_g3_n19	0.051	0	0.23
r_g3_n20	0.051	0	0.22
r_g3_n21	0.051	0	0.22
r_g3_n22	0.051	0	0.22
r_g3_n23	0.051	0	0.22
r_g3_n24	0.051	0	0.22
r_g3_n25	0.051	0	0.22
r_g3_n26	0.051	0	0.22
r_g3_n27	0.051	0	0.22
r_g3_n28	0.051	0	0.22
r_g3_n29	0.051	0	0.22
r_g3_n30	0.051	0	0.22
r_g3_n31	0.051	0	0.22
r_g3_n32	0.051	0	0.22
r_g3_n33	0.051	0	0.22
r_g3_n34	0.051	0	0.22
r_g3_n35	0.051	0	0.22
r_g3_n36	0.051	0	0.22
r_g3_n37	0.051	0	0.22
r_g3_n38	0.051	0	0.22
r_g3_n39	0.051	0	0.22
r_g3_n40	0.051	0	0.22
r_g3_n41	0.051	0	0.22
r_g3_n42	0.051	0	0.22
r_g3_n43	0.051	0	0.22
r_g3_n44	0.051	0	0.22
r_g3_n45	0.051	0	0.22
r_g3_n46	0.051	0	0.22
r_g3_n47	0.051	0	0.22
r_g3_n48	0.051	0	0.22
r_g3_n49	0.051	0	0.22
r_g3_n50	0.051	0	0.22
r_g3_n51	0.051	0	0.22
r_g3_n52	0.051	0	0.22
r_g3_n53	0.051	0	0.22
r_g3_n54	0.051	0	0.22
r_g3_n55	0.051	0	0.22
r_g3_n56	0.051	0	0.22
r_g3_n57	0.051	0	0.22
r_g3_n58	0.051	0	0.22
r_g3_n59	0.051	0	0.22
r_g3_n60	0.051	0	0.22
r_g3_n61	0.051	0	0.22
r_g3_n62	0.051	0	0.22
r_g3_n63	0.051	0	0.22
r_g3_n64	0.051	0	0.22
r_g3_n65	0.051	0	0.22
r_g3_n66	0.051	0	0.22
r_g3_n67	0.051	0	0.22
r_g3_n68	0.051	0	0.22
r_g3_n69	0.051	0	0.22
r_g3_n70	0.051	0	0.22
r_g3_n71	0.051	0	0.22
r_g3_n72	0.051	0	0.22
r_g3_n74	0.051	0	0.22
r_g3_n75	0.051	0	0.22
r_g3_n76	0.051	0	0.22
r_g3_n77	0.051	0	0.22
r_g3_n78	0.051	0	0.22
r_g3_n79	0.051	0	0.22
r_g3_n80	0.051	0	0.22
r_g3_n81	0.051	0	0.22
r_g3_n82	0.051	0	0.22
r_g3_n83	0.051	0	0.22
r_g3_n84	0.051	0	0.22
r_g3_n85	0.051	0	0.22
r_g3_n86	0.051	0	0.22
r_g3_n87	0.051	0	0.22
r_g3_n88	0.051	0	0.22
r_g3_n89	0.051	0	0.22
r_g3_n90	0.051	0	0.22
r_g3_n91	0.051	0	0.22
r_g3_n92	0.051	0	0.22
r_g3_n93	0.051	0	0.22
r_g3_n94	0.051	0	0.22
r_g3_n95	0.051	0	0.22
r_g3_n96	0.051	0	0.22
r_g3_n97	0.051	0	0.22
r_g3_n98	0.051	0	0.22
r_g3_n99	0.051	0	0.22
r_g3_n100	0.051	0	0.22
r_g3_n101	0.051	0	0.22
r_g3_n102	0.051	0	0.22
r_g3_n103	0.051	0	0.22
r_g3_n104	0.051	0	0.23
r_g3_n105	0.051	0	0.22
r_g3_n106	0.051	0	0.22
r_g3_n107	0.051	0	0.22
r_g3_n108	0.051	0	0.22
r_g3_n109	0.051	0	0.22
r_g3_n110	0.051	0	0.22
r_g3_n111	0.051	0	0.22
r_g3_n112	0.051	0	0.22
r_g3_n113	0.051	0	0.22
r_g3_n114	0.051	0	0.22
r_g3_n115	0.051	0	0.22
r_g3_n116	0.051	0	0.22
r_g3_n117	0.051	0	0.22
r_g3_n118	0.051	0	0.22
r_g3_n119	0.051	0	0.23
r_g3_n120	0.051	0	0.22
r_g3_n121	0.051	0	0.22
r_g3_n122	0.051	0	0.22
r_g3_n123	0.051	0	0.22
r_g3_n124	0.051	0	0.22
r_g3_n125	0.051	0	0.22
r_g3_n126	0.051	0	0.22
r_g3_n127	0.051	0	0.22
r_g3_n128	0.051	0	0.22
r_g3_n129	0.051	0	0.22
r_g3_n130	0.051	0	0.22
r_g3_n131	0.051	0	0.22
r_g3_n132	0.051	0	0.22
r_g3_n133	0.051	0	0.22
r_g3_n134	0.051	0	0.22
r_g3_n135	0.051	0	0.22
r_g3_n136	0.051	0	0.22
r_g3_n137	0.051	0	0.22
r_g3_n138	0.051	0	0.22
r_g3_n139	0.051	0	0.22
r_g3_n140	0.051	0	0.22
r_g3_n141	0.051	0	0.22
r_g3_n142	0.051	0	0.22
r_g3_n143	0.051	0	0.22
r_g4_n1	0.048	0	0.21
r_g4_n2	0.048	0	0.21
r_g4_n3	0.048	0	0.22
r_g4_n4	0.048	0	0.21
r_g4_n5	0.048	0	0.21
r_g4_n6	0.048	0	0.21
r_g4_n7	0.048	0	0.22
r_g4_n8	0.048	0	0.22
r_g4_n9	0.048	0	0.21
r_g4_n10	0.048	0	0.22
r_g4_n11	0.048	0	0.22
r_g4_n12	0.048	0	0.22
r_g4_n13	0.048	0	0.21
r_g4_n14	0.048	0	0.22
r_g4_n15	0.048	0	0.21
r_g4_n16	0.048	0	0.21
r_g4_n17	0.048	0	0.22
r_g4_n18	0.048	0	0.22
r_g4_n19	0.048	0	0.21
r_g4_n20	0.048	0	0.21
r_g4_n21	0.048	0	0.22
r_g4_n22	0.048	0	0.22
r_g4_n23	0.048	0	0.21
r_g4_n24	0.048	0	0.22
r_g4_n25	0.048	0	0.21
r_g4_n26	0.048	0	0.21
r_g4_n27	0.048	0	0.21
r_g4_n28	0.048	0	0.21
r_g4_n29	0.048	0	0.21
r_g4_n30	0.048	0	0.22
r_g4_n31	0.048	0	0.22
r_g4_n32	0.048	0	0.21
r_g4_n33	0.048	0	0.22
r_g4_n34	0.048	0	0.21
r_g4_n35	0.048	0	0.22
r_g4_n36	0.048	0	0.22
r_g4_n37	0.048	0	0.21
r_g4_n38	0.048	0	0.21
r_g4_n39	0.048	0	0.21
r_g4_n40	0.048	0	0.22
r_g4_n41	0.048	0	0.21
r_g4_n42	0.048	0	0.22
r_g4_n43	0.048	0	0.22
r_g4_n44	0.048	0	0.22
r_g4_n45	0.048	0	0.21
r_g4_n46	0.048	0	0.22
r_g4_n47	0.048	0	0.21
r_g4_n48	0.048	0	0.21
r_g4_n49	0.048	0	0.22
r_g4_n50	0.048	0	0.22
r_g4_n51	0.048	0	0.21
r_g4_n52	0.048	0	0.21
r_g4_n53	0.048	0	0.21
r_g4_n54	0.048	0	0.21
r_g4_n55	0.048	0	0.21
r_g4_n56	0.048	0	0.21
r_g4_n57	0.048	0	0.22
r_g4_n58	0.048	0	0.22
r_g4_n59	0.048	0	0.21
r_g4_n60	0.048	0	0.21
r_g4_n61	0.048	0	0.21
r_g4_n62	0.048	0	0.21
r_g4_n63	0.048	0	0.21
r_g4_n64	0.048	0	0.22
r_g4_n65	0.048	0	0.22
r_g4_n66	0.048	0	0.21
r_g4_n67	0.048	0	0.22
r_g4_n68	0.048	0	0.21
r_g4_n69	0.048	0	0.21
r_g4_n70	0.048	0	0.21
r_g4_n71	0.048	0	0.21
r_g4_n72	0.048	0	0.21
r_g4_n74	0.048	0	0.22
r_g4_n75	0.048	0	0.21
r_g4_n76	0.048	0	0.22
r_g4_n77	0.048	0	0.21
r_g4_n78	0.048	0	0.21
r_g4_n79	0.048	0	0.21
r_g4_n80	0.048	0	0.21
r_g4_n81	0.048	0	0.21
r_g4_n82	0.048	0	0.21
r_g4_n83	0.048	0	0.21
r_g4_n84	0.048	0	0.21
r_g4_n85	0.048	0	0.21
r_g4_n86	0.048	0	0.21
r_g4_n87	0.048	0	0.22
r_g4_n88	0.048	0	0.22
r_g4_n89	0.048	0	0.21
r_g4_n90	0.048	0	0.22
r_g4_n91	0.048	0	0.22
r_g4_n92	0.048	0	0.22
r_g4_n93	0.048	0	0.22
r_g4_n94	0.048	0	0.21
r_g4_n95	0.048	0	0.21
r_g4_n96	0.048	0	0.21
r_g4_n97	0.048	0	0.21
r_g4_n98	0.048	0	0.22
r_g4_n99	0.048	0	0.21
r_g4_n100	0.048	0	0.22
r_g4_n101	0.048	0	0.21
r_g4_n102	0.048	0	0.21
r_g4_n103	0.048	0	0.22
r_g4_n104	0.048	0	0.22
r_g4_n105	0.048	0	0.22
r_g4_n106	0.048	0	0.21
r_g4_n107	0.048	0	0.21
r_g4_n108	0.048	0	0.21
r_g4_n109	0.048	0	0.21
r_g4_n110	0.048	0	0.21
r_g4_n111	0.048	0	0.22
r_g4_n112	0.048	0	0.21
r_g4_n113	0.048	0	0.22
r_g4_n114	0.048	0	0.21
r_g4_n115	0.048	0	0.21
r_g4_n116	0.048	0	0.22
r_g4_n117	0.048	0	0.21
r_g4_n118	0.048	0	0.22
r_g4_n119	0.048	0	0.21
r_g4_n120	0.048	0	0.21
r_g4_n121	0.048	0	0.22
r_g4_n122	0.048	0	0.21
r_g4_n123	0.048	0	0.21
r_g4_n124	0.048	0	0.21
r_g4_n125	0.048	0	0.22
r_g4_n126	0.048	0	0.22
r_g4_n127	0.048	0	0.22
r_g4_n128	0.048	0	0.21
r_g4_n129	0.048	0	0.21
r_g4_n130	0.048	0	0.21
r_g4_n131	0.048	0	0.21
r_g4_n132	0.048	0	0.22
r_g4_n133	0.048	0	0.21
r_g4_n134	0.048	0	0.21
r_g4_n135	0.048	0	0.21
r_g4_n136	0.048	0	0.21
r_g4_n137	0.048	0	0.21
r_g4_n138	0.048	0	0.21
r_g4_n139	0.048	0	0.21
r_g4_n140	0.048	0	0.21
r_g4_n141	0.048	0	0.21
r_g4_n142	0.048	0	0.21
r_g4_n143	0.048	0	0.21
